trial_number,value,state,datetime_start,datetime_complete,use_percent_margin,margin_percent,margin_usdt,atr_mult_tp1,atr_mult_tp2,atr_mult_sl,trailing_start_atr,trailing_step_atr,breakeven_atr,breakeven_buffer_pts,tp1_pct,tp2_pct
0,-1.2854611538028888,1,2025-10-26T01:00:05.444908,2025-10-26T01:00:12.461130,True,2.6045474537350644,19.62570606780109,2.643094408731154,5.7891887855959085,1.4317130118346317,1.787002512064062,0.9064110345584238,1.9905920917597828,0.80041267724807,0.4959663525928634,0.5386515829933659
1,-1.2514311301517818,1,2025-10-26T01:00:12.466129,2025-10-26T01:00:16.797017,True,1.011799821957352,4.699604572059014,2.3264217562408347,2.398702657439046,1.5799947354817658,2.208290811742806,0.8464663878129854,2.3050094017142415,0.8428775774391168,0.3807079744949182,0.18118861871662972
2,-1.7916377140699726,1,2025-10-26T01:00:16.802017,2025-10-26T01:00:20.689626,True,3.313737648511874,37.48709932420261,0.8359070801237024,3.2526256505339104,2.8516674039395653,1.4942397479770528,0.4174737414806753,1.9104099862710835,0.08447260633685894,0.6891601569231383,0.7710911378114282
3,-1.8341838037757072,1,2025-10-26T01:00:20.693628,2025-10-26T01:00:24.412225,True,2.6112305723907823,41.573917662505714,0.5976314478529359,2.475868273214187,1.7708907859126142,2.1677669592632918,0.584828785743189,2.386585477373696,0.7587316353362187,0.6961828080155664,0.3168797536599144
4,-0.6184927048005646,1,2025-10-26T01:00:24.415224,2025-10-26T01:00:28.360664,False,4.445678861265452,8.075341729671875,2.7244196229250504,1.93041770744132,2.5278342023751166,1.0838888632689865,0.7057281725856972,1.5328152707446976,0.9600113839991076,0.21726430367428426,0.15686379755988883
5,-2.00000816382631,1,2025-10-26T01:00:28.364663,2025-10-26T01:00:32.275672,True,4.997662819258128,18.59651116008133,2.527056349529244,1.4293481931499903,2.205017288530946,1.687419618559947,0.5456640221860604,1.2720233570485102,0.6555095416478216,0.4691361552608919,0.5277257413620644
6,-2.315457105056058,1,2025-10-26T01:00:32.279672,2025-10-26T01:00:36.162235,False,3.2458949384424947,47.420848281786725,1.6085033265593656,5.490404623716758,2.7093043744633905,2.551162395783956,0.6674020582522933,0.6805459469702215,0.843316795161625,0.5923702660019234,0.7922966954452877
7,-1.017108522328655,1,2025-10-26T01:00:36.167237,2025-10-26T01:00:39.930047,False,1.4224627780368388,15.01071131659709,0.8777874290629699,5.682721423811163,1.1365264602360545,2.7679126030643126,0.921011666458474,1.4757241626325768,0.7213804146532034,0.7370582484867627,0.18626299520980252
8,-1.4373184555027252,1,2025-10-26T01:00:39.934044,2025-10-26T01:00:44.100967,False,0.5725546222226786,11.838780117174768,2.519069860240769,4.4392722678468335,1.3272010848609916,3.308597733102195,0.5832496158297179,2.0155808584050723,0.33171120645951424,0.42259377678248156,0.7410349587447821
9,-1.226011588629947,1,2025-10-26T01:00:44.106964,2025-10-26T01:00:48.046528,True,2.5428579997856766,5.6966592153463536,1.9953760316537255,2.595095486479309,0.9391299784500098,2.7643947327917058,0.15392982878847214,1.6052054519455257,0.1531491621615898,0.31846000288416365,0.3069204274246613
10,-1.1430801435417233,1,2025-10-26T01:00:48.061525,2025-10-26T01:00:51.900137,False,4.610713221512588,27.181779928702003,2.9254694116405657,1.0123671998780281,2.4032987797854037,0.6472231529396828,0.31581783025547333,0.8579184193737017,0.9805634495625843,0.24492799744650284,0.12456809068439839
11,-0.9631506964680417,1,2025-10-26T01:00:51.905133,2025-10-26T01:00:55.642616,False,1.5545594921164563,11.868252106167919,1.2290949376271283,4.4501184149503,0.8781131427331137,0.934462297583809,0.9999724484848183,1.308157654537339,0.5035410811344405,0.7969548759665964,0.2683747291618453
12,-0.465450443981105,1,2025-10-26T01:00:55.647617,2025-10-26T01:00:59.747091,False,1.7220648257315756,1.2709092515543485,1.2853521141443185,4.247672084932246,2.1145593997959895,0.8354264704987531,0.7643914552594987,1.0640123959372567,0.5026967910545646,0.7982547884956186,0.33032365354617366
13,-0.2752273073589778,1,2025-10-26T01:00:59.751089,2025-10-26T01:01:03.871312,False,4.109989646693161,3.7781004033089083,1.5929455832361636,4.181759470936609,2.1085371400952284,1.1096843384642714,0.7418408348908944,0.9972444485909916,0.5168930339729763,0.5962272310616046,0.4246719565530581
14,-0.5392542902673049,1,2025-10-26T01:01:03.875311,2025-10-26T01:01:07.723779,False,3.711830921268639,3.110938525494538,1.4656865913029993,4.2938572124151815,2.062597008120569,1.2364334856840458,0.7897643719624559,0.9902158239319339,0.48246509037455526,0.5750145825846654,0.4368654559361585
15,-1.0582698762082385,1,2025-10-26T01:01:07.727776,2025-10-26T01:01:11.505001,False,2.052282625779797,27.979852806268607,2.0144556492614063,3.6412923679645517,1.8674076436152693,0.8834727218898726,0.7468080529297934,0.567655015695169,0.3401914544885778,0.5979188203535906,0.4287739198249708
16,-0.9962864355273975,1,2025-10-26T01:01:11.510001,2025-10-26T01:01:15.490930,False,0.20429210105805629,21.753058682509497,1.228692752389953,4.922423251812669,2.236260482538514,0.569988689346878,0.4514748727342967,0.9843466518919195,0.5524789441564089,0.6447237515336628,0.6322541283553963
17,-0.47365764611699757,1,2025-10-26T01:01:15.494932,2025-10-26T01:01:19.674233,False,4.029668050933886,2.100864952459043,1.9224173696923983,3.602917650282344,1.9996042833548993,1.3777329217731489,0.8215005701802249,1.1634647119109731,0.34553966532144664,0.7897335433223664,0.34026706706533105
18,-1.488091726900861,1,2025-10-26T01:01:19.678232,2025-10-26T01:01:23.612755,False,1.9803890274599847,30.867336036578017,1.2619184443880476,5.174587088592606,1.698542211002833,0.52289429088613,0.6692458351500558,0.7621356654028245,0.2390383865351569,0.5408642110882781,0.4008122439638936
19,-0.6236692173758911,1,2025-10-26T01:01:23.617753,2025-10-26T01:01:28.505489,False,3.3300607545637266,9.32517912220052,1.687296942401929,3.8594813868946884,2.3946844316888676,0.8923521352580324,0.9949786580982471,1.0911619839599287,0.5997736933330253,0.6524480849528959,0.5585169972621525
20,-0.9263823263985234,1,2025-10-26T01:01:28.513486,2025-10-26T01:01:33.140378,False,1.126150742470597,15.532657783560559,0.9518131125768066,3.2263966381397684,2.993957340671435,1.864765401955307,0.4660711548867962,1.7323358530114044,0.43197460051084013,0.7226674401997193,0.2504584367500613
21,-0.3245088065742387,1,2025-10-26T01:01:33.145382,2025-10-26T01:01:37.333629,False,3.9888234167390157,1.108120819618796,1.8423870893099117,4.0447747433147665,2.0285295453453314,1.3603859095263795,0.8237937288434433,1.210665156807695,0.3839522101186582,0.7933859588070099,0.35657752118393327
22,-0.1622035431750713,1,2025-10-26T01:01:37.338628,2025-10-26T01:01:41.445069,False,3.89342496405922,1.2588594575833163,2.1881808682197033,4.003156462182719,2.1473926723151413,1.221935612500598,0.8720114500238616,1.3540067147850008,0.4181721537945168,0.7506895482482748,0.37769703524635456
23,-0.560612650410737,1,2025-10-26T01:01:41.449069,2025-10-26T01:01:45.520633,False,4.092261617933991,7.262251907046213,2.236794734788835,4.955446235742356,1.8974985808688558,1.5346033414886193,0.8957930076709067,1.3670580352274722,0.4106261297055372,0.7485047849358105,0.486942020373054
24,-0.6778087681735342,1,2025-10-26T01:01:45.525542,2025-10-26T01:01:49.973853,False,3.768266127301913,1.0890267270065541,2.2576564422950485,3.9012798997829323,2.342889152704178,1.1568419863889114,0.8582496760151694,0.8687627754119117,0.2618769214465924,0.6430466573624112,0.38978511663622284
25,-0.7401832984285986,1,2025-10-26T01:01:49.979857,2025-10-26T01:01:54.004564,False,4.516423698404673,10.326234515583382,1.8923854775326756,2.908389710353293,2.589269108365714,1.2260408694220746,0.6428499153862861,1.2397864594929087,0.6299596584723075,0.7508609063988563,0.6212488745199061
26,-1.0807798889418343,1,2025-10-26T01:01:54.008566,2025-10-26T01:01:57.884492,False,2.9562195717430297,5.63435071994142,1.4570965834165008,4.663863314175186,1.5635513704460893,1.5581886210957265,0.7353963662326592,1.7156729746441715,0.19432768578072346,0.6957698699945506,0.3755547054801007
27,-0.7451027894923217,1,2025-10-26T01:01:57.888490,2025-10-26T01:02:01.796591,False,4.126292393114551,14.198145502607078,2.1154407285936685,3.967193832680211,2.2104176725044904,1.9504503629841385,0.9514427656815814,1.3741607250982244,0.4257296410753408,0.5396572110732571,0.4787266087546838
28,-0.6400686752417073,1,2025-10-26T01:02:01.801593,2025-10-26T01:02:05.912189,False,4.973330906236908,5.945739872786856,1.8141336025243542,3.2607517438462037,1.9608640292848967,1.3696619601837166,0.8030358080618399,1.1798168155016293,0.0008762049339713918,0.6320410870319367,0.2573172675343314
29,-1.8334457573331766,1,2025-10-26T01:02:05.918191,2025-10-26T01:02:10.153276,True,3.764981833247007,22.157074747716333,1.571482328814477,4.009630637927335,1.7806191579809127,1.703408323379521,0.8684292140629166,0.893107011889851,0.5641809945070266,0.4869366271114507,0.5493562283586443
30,-1.8029599148395878,1,2025-10-26T01:02:10.157272,2025-10-26T01:02:14.240255,False,2.9292775059640626,18.482652187672105,1.7321533548439716,5.326382235389147,1.3417757615747536,2.1205553930254517,0.9367443759955641,0.5539466623294524,0.681612683457111,0.7615494420760701,0.47535592688084716
31,-0.31128619278208486,1,2025-10-26T01:02:14.245258,2025-10-26T01:02:18.402149,False,2.216127566994615,1.1709164926596367,1.0765138756174624,4.2535026519959365,2.1202566286148747,0.7200829639487596,0.7478991908832567,1.053098771841297,0.5366852914452509,0.7829633943545297,0.3665817268781212
32,-0.10736024602649276,1,2025-10-26T01:02:18.406145,2025-10-26T01:02:22.929485,False,2.518632528073433,4.195998959162717,1.0761592059648981,4.510370553756829,2.090438388984971,1.061474725301878,0.8115038340240264,1.4636904927205678,0.38965249896031867,0.7052355083043844,0.3770388240319871
33,-0.9492639767770582,1,2025-10-26T01:02:22.934485,2025-10-26T01:02:27.161270,False,2.319352424146004,5.194091448888214,0.6376641930063327,4.741333276364535,2.1716105979012905,0.7283605823656731,0.7096523740000134,1.479732402165442,0.283077193788744,0.7036203699871778,0.41933215260461265
34,-1.0639663990994743,1,2025-10-26T01:02:27.171999,2025-10-26T01:02:31.194874,True,3.025984865170402,4.230112160370382,1.1377243028801163,4.6279334825607945,2.327658453077887,1.060939698162519,0.6255188849765572,1.9316077169692942,0.4754128030830487,0.6660341651134652,0.28605677677391234
35,-0.6932018752098907,1,2025-10-26T01:02:31.198873,2025-10-26T01:02:35.636704,False,2.5751834777990306,9.20294501642714,0.9787321968661304,5.024315264015337,1.6161126136941844,1.0273564234720367,0.8534658773695788,2.0990515419047413,0.5352707607358227,0.7147686881748302,0.2368140893440515
36,-1.4193785301497401,1,2025-10-26T01:02:35.639700,2025-10-26T01:02:39.587629,True,2.1954357212595847,35.0701731135376,0.6953798184283022,3.3676874179130216,2.544868389488238,0.7276516461383054,0.7828026229896211,1.6810144608959638,0.597686603065233,0.6763768675256981,0.5152235309584475
37,-0.43218024950912926,1,2025-10-26T01:02:39.592631,2025-10-26T01:02:43.714303,False,3.519774719628087,7.6822482759981146,1.1002060721239597,3.0134524185827027,1.8428702447480683,0.7352332452857467,0.7074869853226715,1.391471049405152,0.8162234892299027,0.6204236413697319,0.20703680044827452
38,-1.6814008009366992,1,2025-10-26T01:02:43.719303,2025-10-26T01:02:47.885070,True,2.7314290891411943,3.7882888876210106,0.7820519472923464,5.882502447299372,2.697377088931745,1.0559218667005459,0.5701496835731006,1.565223018915388,0.4542413092820659,0.5579625399528731,0.36734970008081297
39,-2.638236358810851,1,2025-10-26T01:02:47.890069,2025-10-26T01:02:52.086751,False,2.354826085594739,49.9545923714717,0.5406720747434538,3.668756060756092,2.3067390833016184,3.4918775777769233,0.4988715784586645,2.462680386264193,0.7530950995786323,0.7616601785094486,0.45164838611192387
40,-0.7625856505106657,1,2025-10-26T01:02:52.094749,2025-10-26T01:02:56.319649,False,4.33930731567701,11.92768041469122,1.4060500494845125,4.222615095047046,2.093691268990483,2.3922996891025297,0.33023446245812543,1.0507450173421957,0.3841233227988626,0.5189774242035178,0.5922061671553571
41,-0.35987043268334523,1,2025-10-26T01:02:56.324652,2025-10-26T01:03:00.102006,False,4.789842362890206,1.0520649409066587,2.442061708341597,4.529320440205367,2.025029404990227,1.3752893967127982,0.8248028237236614,1.1698919847564404,0.3714434130251375,0.771275103143224,0.3655898102764478
42,-0.4134284163559899,1,2025-10-26T01:03:00.108528,2025-10-26T01:03:04.083194,False,3.2524419706767436,4.2135110711162005,2.081658382795671,4.242279358071229,2.4617241164983614,1.2851317146003587,0.9049261889294506,1.2927976271655808,0.30634957567415,0.7238390957441891,0.3391621541802102
43,-1.2255178551138783,1,2025-10-26T01:03:04.090195,2025-10-26T01:03:08.343636,False,3.920152473641334,7.9474820141249145,1.5941197412375725,4.043231891455543,1.9513580454907404,1.6033862828905963,0.6727776926487441,0.693701692606292,0.9036503243859848,0.6788582453182865,0.3081099685910937
44,-0.44282787952945707,1,2025-10-26T01:03:08.348634,2025-10-26T01:03:12.143269,False,4.262950809437766,3.8984173169736596,2.6871272636864707,3.768495985480191,2.131805035021862,1.0043927190331172,0.9548908879813883,1.420435897574304,0.5254331974745469,0.7779059131912692,0.41163484072684386
45,-0.4174679337573146,1,2025-10-26T01:03:12.146268,2025-10-26T01:03:15.939346,False,3.505793142536612,6.315962590466931,2.3876108606878983,3.4513275917776385,1.8133168650542282,1.1707437772918632,0.8822081821474541,0.971105695807165,0.22131760219148236,0.4335392369880845,0.3540109250179441
46,-0.7744381204828824,1,2025-10-26T01:03:15.943347,2025-10-26T01:03:19.884659,False,1.8194751160316298,39.75683264691516,1.0954380347649293,4.384446979921019,2.2436388383466324,1.4282925377369047,0.750761452701129,1.2419916468017236,0.14951445472865604,0.7302212128953968,0.2877835109313668
47,-1.9509028690695533,1,2025-10-26T01:03:19.889657,2025-10-26T01:03:24.307394,True,2.750756787979591,2.372812147563626,1.3902693958773842,4.7842523721478365,1.700617141650354,1.8029150327247672,0.831410786944812,0.810068934806867,0.6905922725828242,0.6053548186309605,0.45074189534804765
48,-0.8923742308306643,1,2025-10-26T01:03:24.311393,2025-10-26T01:03:28.273270,False,1.2575509251546384,10.667170355390837,2.1633298322239938,2.060032364032767,2.047644784801135,0.8810216869584971,0.7827255701270229,1.6308114101246818,0.40767270290267466,0.791775057669069,0.3899042719246467
49,-0.5619676634826258,1,2025-10-26T01:03:28.277011,2025-10-26T01:03:32.384269,False,2.421885855627698,13.048875534896142,1.9332641984930419,4.13708447046704,2.4659223119691416,0.6206383214154056,0.5327917998811637,1.8008508035896782,0.45801911350907015,0.2994549653241844,0.3151498822013597
